timestamp,heart_rate_bpm,spo2_percent,systolic_bp_mmHg
2025-02-01 06:01:04,73.1,96.2,132.5
2025-02-01 06:01:08,67.6,95.6,132.8
2025-02-01 06:01:28,79.0,98.5,134.1
2025-02-01 06:02:17,71.9,96.0,124.3
2025-02-01 06:02:28,67.5,99.5,139.2
2025-02-01 06:02:39,73.9,97.5,141.6
2025-02-01 06:02:48,86.4,95.2,154.7
2025-02-01 06:02:49,81.5,95.3,130.8
2025-02-01 06:02:54,87.3,97.0,131.3
2025-02-01 06:03:29,82.7,95.1,126.4
2025-02-01 06:03:53,79.0,97.9,147.5
2025-02-01 06:03:56,81.5,95.3,121.0
2025-02-01 06:04:25,60.7,94.2,128.4
2025-02-01 06:04:34,85.4,97.1,142.2
2025-02-01 06:04:37,78.2,96.3,133.7
2025-02-01 06:04:48,87.6,97.5,131.1
2025-02-01 06:04:52,70.0,99.7,130.0
2025-02-01 06:04:53,72.6,96.3,131.5
2025-02-01 06:04:57,84.9,97.4,131.7
2025-02-01 06:05:03,68.7,96.2,143.4
2025-02-01 06:05:16,62.2,96.4,137.4
2025-02-01 06:05:22,65.9,97.0,111.4
2025-02-01 06:05:23,80.6,97.8,114.8
2025-02-01 06:05:29,92.4,96.3,141.4
2025-02-01 06:05:49,79.9,97.5,147.3
2025-02-01 06:05:52,75.8,95.7,129.6
2025-02-01 06:06:06,71.6,96.1,119.5
2025-02-01 06:06:48,62.3,99.6,145.7
2025-02-01 06:06:51,69.1,96.5,137.5
2025-02-01 06:07:23,84.9,97.4,133.0
2025-02-01 06:07:46,77.0,95.1,112.4
2025-02-01 06:07:52,84.0,98.9,115.8
2025-02-01 06:07:58,81.1,96.6,108.7
2025-02-01 06:08:19,64.3,98.4,125.6
2025-02-01 06:08:25,86.8,96.3,135.1
2025-02-01 06:08:54,84.6,95.6,118.9
2025-02-01 06:08:58,62.3,95.9,105.9
2025-02-01 06:09:08,58.6,97.1,122.6
2025-02-01 06:09:19,75.4,97.5,122.2
2025-02-01 06:09:26,72.8,98.2,115.0
2025-02-01 06:09:35,75.2,98.2,134.5
2025-02-01 06:09:43,75.4,94.9,145.0
2025-02-01 06:09:45,79.3,97.1,135.1
2025-02-01 06:09:57,68.5,97.3,135.7
2025-02-01 06:10:42,59.3,99.2,115.0
2025-02-01 06:10:45,91.8,95.9,136.9
2025-02-01 06:10:47,70.6,98.0,126.6
2025-02-01 06:11:22,82.3,98.4,127.1
2025-02-01 06:11:26,76.6,96.2,109.8
2025-02-01 06:12:33,62.9,94.6,131.7
2025-02-01 06:12:43,78.9,95.9,117.6
2025-02-01 06:12:44,70.0,94.8,143.7
2025-02-01 06:12:51,83.9,94.8,121.5
2025-02-01 06:13:01,74.5,96.5,107.5
2025-02-01 06:13:04,78.8,97.2,120.9
2025-02-01 06:13:07,86.2,97.7,120.2
2025-02-01 06:13:13,64.6,98.2,119.5
2025-02-01 06:13:29,83.5,94.8,127.2
2025-02-01 06:13:32,74.1,98.1,128.2
2025-02-01 06:13:35,75.0,97.5,126.8
2025-02-01 06:13:38,73.4,96.7,134.4
2025-02-01 06:13:59,81.0,98.2,126.1
2025-02-01 06:14:04,77.1,99.2,107.6
2025-02-01 06:14:10,88.8,97.3,137.5
2025-02-01 06:14:10,77.0,93.9,130.4
2025-02-01 06:14:11,73.2,96.7,123.7
2025-02-01 06:14:29,85.5,95.5,106.3
2025-02-01 06:14:48,85.6,95.2,118.6
2025-02-01 06:15:19,85.7,99.4,110.7
2025-02-01 06:15:31,86.6,98.0,126.6
2025-02-01 06:16:03,70.6,98.3,110.2
2025-02-01 06:16:07,88.0,98.0,145.2
2025-02-01 06:16:13,75.8,97.6,129.9
2025-02-01 06:16:46,81.3,100.0,135.7
2025-02-01 06:16:54,71.9,99.0,120.8
2025-02-01 06:17:17,60.6,98.1,91.1
2025-02-01 06:17:29,84.7,96.4,154.2
2025-02-01 06:17:45,81.8,97.8,145.4
2025-02-01 06:17:49,75.5,96.6,123.0
2025-02-01 06:18:11,75.8,97.5,133.6
2025-02-01 06:18:12,92.4,97.8,149.7
2025-02-01 06:18:17,89.9,96.4,139.8
2025-02-01 06:18:23,67.7,95.2,115.6
2025-02-01 06:18:40,84.0,95.3,123.4
2025-02-01 06:18:51,80.8,97.5,146.0
2025-02-01 06:19:09,81.6,97.7,152.6
2025-02-01 06:19:15,79.6,97.8,135.9
2025-02-01 06:19:20,81.1,95.6,130.4
2025-02-01 06:19:36,81.4,97.9,141.0
2025-02-01 06:19:46,93.3,97.0,137.2
2025-02-01 06:20:00,72.5,95.6,154.9
2025-02-01 06:20:11,80.6,98.1,127.7
2025-02-01 06:20:14,85.9,97.1,127.3
2025-02-01 06:20:17,81.6,97.6,122.6
2025-02-01 06:20:30,71.9,96.1,148.7
2025-02-01 06:20:45,79.0,94.6,121.8
2025-02-01 06:20:48,80.0,97.4,134.0
2025-02-01 06:21:10,74.3,95.3,124.9
2025-02-01 06:21:18,71.0,95.5,142.4
2025-02-01 06:21:40,80.0,97.3,140.7
2025-02-01 06:21:47,88.4,95.0,128.3
2025-02-01 06:21:56,75.3,96.3,138.5
2025-02-01 06:22:36,76.6,97.0,123.6
2025-02-01 06:22:37,86.3,97.1,128.0
2025-02-01 06:22:39,74.3,99.1,148.4
2025-02-01 06:22:40,73.7,98.6,136.7
2025-02-01 06:22:52,77.4,94.9,111.4
2025-02-01 06:23:13,72.9,98.7,124.8
2025-02-01 06:23:20,71.4,97.7,118.8
2025-02-01 06:23:59,92.2,96.3,134.1
2025-02-01 06:24:06,80.0,97.4,116.3
2025-02-01 06:24:11,64.9,94.7,120.3
2025-02-01 06:24:12,66.5,96.5,142.1
2025-02-01 06:24:21,76.7,96.8,106.6
2025-02-01 06:24:22,78.1,97.1,144.6
2025-02-01 06:24:40,83.0,97.0,123.9
2025-02-01 06:25:10,61.6,94.8,135.4
2025-02-01 06:25:19,88.2,95.7,134.3
2025-02-01 06:25:32,69.8,94.5,111.3
2025-02-01 06:25:53,77.5,98.3,137.6
2025-02-01 06:25:56,84.6,96.2,117.0
2025-02-01 06:26:03,63.2,95.2,130.6
2025-02-01 06:26:07,81.8,97.5,90.0
2025-02-01 06:26:14,97.9,96.3,143.6
2025-02-01 06:26:28,74.7,96.6,129.6
2025-02-01 06:26:30,72.7,96.7,125.3
2025-02-01 06:26:34,71.8,97.6,138.8
2025-02-01 06:26:47,80.7,96.6,135.1
2025-02-01 06:27:03,69.3,97.8,147.3
2025-02-01 06:27:10,68.4,96.6,128.7
2025-02-01 06:27:19,77.8,97.0,129.2
2025-02-01 06:27:38,91.5,96.0,138.2
2025-02-01 06:27:40,78.9,94.5,138.3
2025-02-01 06:27:52,70.7,99.6,130.4
2025-02-01 06:28:31,64.3,99.3,141.8
2025-02-01 06:28:33,80.2,96.8,114.4
2025-02-01 06:28:36,83.9,96.4,141.6
2025-02-01 06:28:36,68.1,97.4,145.4
2025-02-01 06:29:03,68.5,95.5,111.2
2025-02-01 06:29:04,78.7,95.4,138.8
2025-02-01 06:29:10,85.7,96.7,131.5
2025-02-01 06:29:58,77.1,96.3,139.6
2025-02-01 06:30:00,70.5,97.1,113.4
2025-02-01 06:30:24,62.7,95.1,119.8
2025-02-01 06:30:26,93.2,97.1,107.9
2025-02-01 06:30:34,83.9,97.2,130.1
2025-02-01 06:30:43,67.6,96.1,131.3
2025-02-01 06:30:56,86.7,98.2,134.4
2025-02-01 06:31:01,84.2,97.6,157.9
2025-02-01 06:31:02,73.1,98.5,113.6
2025-02-01 06:31:07,74.4,98.4,117.4
2025-02-01 06:31:20,83.6,98.3,127.6
2025-02-01 06:31:29,92.2,95.3,154.3
2025-02-01 06:31:47,81.5,97.4,110.5
2025-02-01 06:31:52,82.8,97.4,137.3
2025-02-01 06:32:21,91.9,98.7,128.1
2025-02-01 06:32:28,65.5,97.3,135.9
2025-02-01 06:32:30,78.5,95.3,96.8
2025-02-01 06:32:32,76.9,96.3,140.3
2025-02-01 06:32:47,86.8,98.5,124.0
2025-02-01 06:32:47,65.7,97.1,127.2
2025-02-01 06:32:52,79.4,96.7,140.0
2025-02-01 06:33:13,64.1,95.4,124.6
2025-02-01 06:33:18,81.8,95.4,109.4
2025-02-01 06:33:52,73.5,94.6,121.0
2025-02-01 06:34:09,72.7,98.8,144.5
2025-02-01 06:34:16,84.9,98.7,129.4
2025-02-01 06:35:00,73.6,96.2,112.6
2025-02-01 06:35:07,76.2,97.5,173.8
2025-02-01 06:35:35,74.5,97.6,107.4
2025-02-01 06:36:20,75.1,98.3,134.0
2025-02-01 06:36:50,72.4,96.1,124.4
2025-02-01 06:36:53,68.4,94.8,138.2
2025-02-01 06:36:54,71.4,98.4,114.0
2025-02-01 06:37:09,56.9,96.9,129.8
2025-02-01 06:37:18,73.5,98.8,120.6
2025-02-01 06:37:21,82.1,98.2,126.2
2025-02-01 06:37:31,62.9,97.3,144.0
2025-02-01 06:37:54,78.6,97.4,137.3
2025-02-01 06:37:59,71.0,100.0,125.6
2025-02-01 06:38:03,69.1,98.4,108.2
2025-02-01 06:38:11,67.7,98.9,124.0
2025-02-01 06:38:18,55.3,95.0,121.1
2025-02-01 06:38:23,84.4,96.5,90.0
2025-02-01 06:38:44,63.6,98.3,134.1
2025-02-01 06:38:50,67.7,97.2,133.9
2025-02-01 06:38:59,83.2,97.5,124.0
2025-02-01 06:39:09,80.0,98.1,108.7
2025-02-01 06:39:23,71.9,95.0,122.7
2025-02-01 06:40:30,73.0,96.1,109.5
2025-02-01 06:40:33,75.3,96.9,124.6
2025-02-01 06:40:37,80.7,96.5,135.8
2025-02-01 06:41:17,55.3,97.5,107.0
2025-02-01 06:41:24,92.8,97.0,131.4
2025-02-01 06:41:31,73.6,99.5,122.0
2025-02-01 06:41:47,87.1,99.1,115.7
2025-02-01 06:42:04,77.3,96.6,150.8
2025-02-01 06:42:22,90.6,97.0,124.0
2025-02-01 06:42:25,76.2,98.2,147.3
2025-02-01 06:42:28,68.5,95.3,123.0
2025-02-01 06:42:49,76.9,97.2,113.4
2025-02-01 06:42:59,86.4,97.1,140.5
2025-02-01 06:43:03,73.1,99.6,117.4
2025-02-01 06:43:11,75.3,96.8,124.7
2025-02-01 06:43:17,68.5,97.8,142.8
2025-02-01 06:43:31,90.1,98.0,132.1
2025-02-01 06:43:39,66.3,98.0,144.6
2025-02-01 06:43:44,62.9,98.5,113.4
2025-02-01 06:43:50,59.9,95.7,123.7
2025-02-01 06:44:00,67.9,97.8,146.0
2025-02-01 06:44:07,72.9,95.6,118.2
2025-02-01 06:44:09,59.6,97.3,122.4
2025-02-01 06:44:29,84.9,97.1,125.0
2025-02-01 06:44:32,74.6,96.7,135.1
2025-02-01 06:45:04,90.4,97.1,125.0
2025-02-01 06:45:07,57.5,99.2,156.8
2025-02-01 06:45:23,76.6,96.4,121.6
2025-02-01 06:45:58,76.8,95.8,140.8
2025-02-01 06:46:00,83.5,96.7,121.5
2025-02-01 06:46:33,89.3,96.6,140.9
2025-02-01 06:46:48,64.7,97.3,119.1
2025-02-01 06:46:55,79.5,96.3,103.6
2025-02-01 06:46:58,78.0,97.1,136.7
2025-02-01 06:46:59,68.9,99.0,144.4
2025-02-01 06:47:04,72.1,95.8,124.8
2025-02-01 06:47:06,76.9,97.6,104.8
2025-02-01 06:47:40,74.1,97.2,137.7
2025-02-01 06:47:56,86.9,98.1,119.8
2025-02-01 06:48:04,68.9,97.1,122.8
2025-02-01 06:48:10,76.6,95.6,140.2
2025-02-01 06:48:11,74.4,98.4,128.2
2025-02-01 06:48:19,62.9,96.8,136.7
2025-02-01 06:48:49,105.6,96.5,121.7
2025-02-01 06:48:52,73.9,97.3,126.6
2025-02-01 06:49:24,69.4,96.4,140.5
2025-02-01 06:49:59,92.5,97.2,122.1
2025-02-01 06:50:07,81.0,98.6,132.8
2025-02-01 06:50:12,85.3,97.0,130.5
2025-02-01 06:50:13,78.8,97.7,137.5
2025-02-01 06:51:09,78.4,95.6,128.7
2025-02-01 06:51:12,72.0,95.8,129.6
2025-02-01 06:51:18,79.0,96.7,150.9
2025-02-01 06:51:40,89.8,97.4,132.2
2025-02-01 06:52:07,77.9,97.8,129.4
2025-02-01 06:52:14,74.9,95.9,104.4
2025-02-01 06:53:31,75.8,96.2,117.5
2025-02-01 06:53:40,67.5,98.8,157.5
2025-02-01 06:53:53,84.7,95.8,144.6
2025-02-01 06:54:01,72.3,97.0,124.3
2025-02-01 06:54:05,77.3,98.1,132.4
2025-02-01 06:54:05,87.8,98.0,117.8
2025-02-01 06:54:08,63.2,96.1,115.6
2025-02-01 06:54:19,72.6,97.4,112.9
2025-02-01 06:54:24,69.1,95.4,118.0
2025-02-01 06:54:26,81.7,98.7,114.8
2025-02-01 06:54:42,87.2,98.5,135.7
2025-02-01 06:55:32,79.8,96.0,129.9
2025-02-01 06:55:48,76.2,95.9,142.9
2025-02-01 06:56:14,83.9,98.6,130.9
2025-02-01 06:56:19,66.7,96.2,129.9
2025-02-01 06:56:22,78.0,96.7,130.9
2025-02-01 06:56:28,69.4,96.6,138.8
2025-02-01 06:56:58,73.7,99.0,113.7
2025-02-01 06:57:00,80.3,96.9,140.1
2025-02-01 06:57:09,86.9,96.5,127.8
2025-02-01 06:58:06,86.7,97.3,98.4
2025-02-01 06:58:15,75.5,99.8,124.8
2025-02-01 06:58:20,67.7,97.6,98.0
2025-02-01 06:58:36,71.3,98.5,110.2
2025-02-01 06:58:38,83.0,96.7,91.2
2025-02-01 06:59:00,83.8,97.2,109.6
2025-02-01 06:59:34,88.2,95.7,122.1
2025-02-01 06:59:43,68.5,98.6,114.5
2025-02-01 06:59:44,80.1,96.0,138.3
2025-02-01 06:59:59,83.5,99.0,120.8
2025-02-01 07:00:14,80.5,97.2,119.3
2025-02-01 07:00:25,74.9,98.6,121.3
2025-02-01 07:01:02,78.7,96.4,128.6
2025-02-01 07:01:44,79.0,96.1,110.1
2025-02-01 07:02:09,71.3,96.5,142.6
2025-02-01 07:02:11,73.7,98.7,141.9
2025-02-01 07:02:20,66.8,95.5,110.2
2025-02-01 07:02:29,58.0,97.0,121.5
2025-02-01 07:02:35,85.0,98.1,132.9
2025-02-01 07:02:47,68.7,97.7,108.6
2025-02-01 07:03:13,73.9,96.7,98.7
2025-02-01 07:03:18,91.9,96.6,139.7
2025-02-01 07:03:42,60.6,99.2,121.4
2025-02-01 07:04:24,83.8,95.4,123.6
2025-02-01 07:04:38,72.8,98.0,121.6
2025-02-01 07:04:44,70.4,93.7,142.9
2025-02-01 07:04:56,78.4,96.9,101.3
2025-02-01 07:05:05,70.1,96.6,119.7
2025-02-01 07:05:41,97.3,96.8,116.5
2025-02-01 07:05:47,62.6,97.9,105.7
2025-02-01 07:05:58,76.6,96.2,99.2
2025-02-01 07:06:54,63.8,96.5,113.1
2025-02-01 07:06:58,68.1,99.0,130.5
2025-02-01 07:07:30,64.7,98.1,154.1
2025-02-01 07:07:49,92.9,98.0,134.6
2025-02-01 07:08:08,84.5,96.7,128.0
2025-02-01 07:08:22,97.3,99.0,128.8
2025-02-01 07:08:30,97.5,100.0,127.0
2025-02-01 07:08:43,91.5,96.8,136.0
2025-02-01 07:09:01,84.2,96.1,132.3
2025-02-01 07:09:05,95.7,97.0,135.6
2025-02-01 07:09:32,62.6,98.4,120.7
2025-02-01 07:09:36,71.3,96.7,125.8
2025-02-01 07:09:36,61.4,94.9,120.2
2025-02-01 07:09:41,78.1,97.3,124.1
2025-02-01 07:09:47,83.0,96.8,147.6
2025-02-01 07:10:16,78.9,98.1,119.2
2025-02-01 07:10:22,81.4,97.5,157.1
2025-02-01 07:10:34,81.6,95.4,155.6
2025-02-01 07:10:41,78.9,97.6,135.9
2025-02-01 07:10:52,63.7,95.5,135.4
2025-02-01 07:10:55,76.2,95.7,138.8
2025-02-01 07:10:59,69.4,97.8,140.1
2025-02-01 07:11:13,72.6,98.1,107.0
2025-02-01 07:11:34,92.8,94.8,115.6
2025-02-01 07:11:45,76.4,97.8,109.2
2025-02-01 07:12:23,66.1,96.3,129.1
2025-02-01 07:12:26,77.3,96.0,135.8
2025-02-01 07:13:47,73.6,97.7,131.2
2025-02-01 07:13:48,87.0,99.0,145.7
2025-02-01 07:14:55,78.3,99.4,140.8
2025-02-01 07:15:14,67.2,98.9,125.0
2025-02-01 07:15:31,79.5,95.4,119.3
2025-02-01 07:16:16,75.3,94.9,123.3
2025-02-01 07:16:16,69.3,94.3,160.1
2025-02-01 07:16:27,58.1,98.7,134.1
2025-02-01 07:16:30,77.6,94.5,125.3
2025-02-01 07:16:45,69.6,96.6,138.6
2025-02-01 07:17:04,82.1,96.5,112.3
2025-02-01 07:17:05,89.7,96.3,135.1
2025-02-01 07:17:31,106.7,97.8,127.6
2025-02-01 07:18:02,76.8,95.2,134.1
2025-02-01 07:18:05,75.0,97.9,135.6
2025-02-01 07:18:14,67.4,97.8,91.2
2025-02-01 07:18:15,81.7,96.7,120.8
2025-02-01 07:18:15,59.9,95.5,135.5
2025-02-01 07:18:17,70.2,96.4,129.5
2025-02-01 07:18:23,77.6,97.2,102.5
2025-02-01 07:18:24,80.3,95.0,130.1
2025-02-01 07:18:38,70.1,93.0,135.7
2025-02-01 07:18:43,85.1,97.2,140.4
2025-02-01 07:18:50,72.1,97.2,133.0
2025-02-01 07:18:52,84.3,95.2,101.2
2025-02-01 07:18:57,80.9,96.8,110.0
2025-02-01 07:19:03,83.6,97.6,108.4
2025-02-01 07:19:11,64.4,95.6,146.9
2025-02-01 07:19:27,76.3,98.0,130.7
2025-02-01 07:19:31,90.9,97.6,117.6
2025-02-01 07:19:35,88.1,99.0,123.0
2025-02-01 07:19:51,72.0,95.8,123.8
2025-02-01 07:20:05,77.7,99.4,136.7
2025-02-01 07:20:39,79.5,95.1,135.2
2025-02-01 07:20:55,61.8,95.5,121.9
2025-02-01 07:20:59,72.2,96.7,145.2
2025-02-01 07:21:11,81.0,97.5,126.0
2025-02-01 07:21:13,78.2,96.7,117.4
2025-02-01 07:21:18,71.9,97.1,149.0
2025-02-01 07:21:20,66.8,97.3,104.8
2025-02-01 07:22:05,73.4,99.5,110.3
2025-02-01 07:22:42,70.4,95.8,151.9
2025-02-01 07:22:49,64.9,94.4,129.3
2025-02-01 07:22:56,57.6,97.2,123.5
2025-02-01 07:23:01,70.5,99.8,112.3
2025-02-01 07:23:12,58.9,96.6,122.0
2025-02-01 07:23:25,72.2,97.9,123.1
2025-02-01 07:23:33,62.3,96.5,126.1
2025-02-01 07:23:42,91.0,98.0,97.1
2025-02-01 07:23:57,73.1,97.5,125.7
2025-02-01 07:24:00,81.4,96.7,107.8
2025-02-01 07:24:10,78.4,97.8,128.2
2025-02-01 07:24:12,81.4,98.1,126.3
2025-02-01 07:24:21,81.6,95.7,119.3
2025-02-01 07:24:45,77.0,96.1,106.2
2025-02-01 07:25:13,89.5,98.8,133.0
2025-02-01 07:25:23,83.7,95.5,119.5
2025-02-01 07:25:27,71.6,97.1,132.9
2025-02-01 07:25:31,68.9,95.4,140.1
2025-02-01 07:25:48,85.9,98.7,152.7
2025-02-01 07:25:52,79.5,96.1,116.9
2025-02-01 07:25:55,72.6,95.7,100.9
2025-02-01 07:25:56,60.2,97.5,127.3
2025-02-01 07:26:48,67.1,98.3,124.3
2025-02-01 07:26:53,66.8,96.2,114.1
2025-02-01 07:27:02,83.1,97.0,122.8
2025-02-01 07:27:21,77.3,98.3,131.8
2025-02-01 07:27:45,76.5,96.4,112.9
2025-02-01 07:27:58,79.5,97.7,132.9
2025-02-01 07:28:01,81.3,99.3,137.9
2025-02-01 07:28:06,78.0,95.5,122.3
2025-02-01 07:29:14,78.3,97.0,142.6
2025-02-01 07:29:41,73.5,96.4,121.6
2025-02-01 07:29:46,77.8,96.5,114.1
2025-02-01 07:30:00,83.5,97.6,131.3
2025-02-01 07:30:25,80.1,95.4,119.0
2025-02-01 07:30:25,84.1,98.0,107.1
2025-02-01 07:30:37,83.0,95.5,133.6
2025-02-01 07:30:46,79.3,95.3,134.6
2025-02-01 07:30:52,71.5,97.2,125.7
2025-02-01 07:30:55,89.0,96.6,135.5
2025-02-01 07:30:58,79.2,97.9,120.4
2025-02-01 07:31:22,75.2,96.1,140.5
2025-02-01 07:31:36,69.4,96.0,136.3
2025-02-01 07:31:40,63.3,97.4,122.1
2025-02-01 07:31:43,72.3,96.2,115.9
2025-02-01 07:31:47,67.9,97.6,122.1
2025-02-01 07:31:55,64.3,96.2,141.0
2025-02-01 07:32:55,79.2,97.3,114.5
2025-02-01 07:33:13,93.2,95.1,113.3
2025-02-01 07:33:14,64.3,99.7,135.8
2025-02-01 07:33:20,88.5,99.2,124.9
2025-02-01 07:33:21,70.4,97.2,111.7
2025-02-01 07:34:59,57.7,98.7,120.4
2025-02-01 07:35:00,77.6,96.7,126.7
2025-02-01 07:35:33,79.7,99.0,133.7
2025-02-01 07:36:02,91.4,97.4,148.1
2025-02-01 07:36:04,65.0,97.0,143.1
2025-02-01 07:36:21,74.4,96.0,139.5
2025-02-01 07:36:58,88.0,96.3,126.6
2025-02-01 07:38:02,59.9,99.0,112.1
2025-02-01 07:38:08,74.4,98.1,125.9
2025-02-01 07:38:26,79.6,97.7,106.0
2025-02-01 07:38:49,79.1,96.3,132.6
2025-02-01 07:38:59,70.2,97.7,144.5
2025-02-01 07:38:59,75.4,97.2,136.2
2025-02-01 07:39:06,81.6,98.1,129.1
2025-02-01 07:39:12,82.6,97.7,116.8
2025-02-01 07:39:22,79.1,96.3,152.9
2025-02-01 07:39:23,82.7,95.9,142.7
2025-02-01 07:39:34,71.8,95.4,108.1
2025-02-01 07:39:34,61.1,97.2,141.3
2025-02-01 07:40:04,84.2,93.5,135.6
2025-02-01 07:40:05,77.1,97.4,128.6
2025-02-01 07:40:24,73.0,96.6,129.6
2025-02-01 07:40:47,82.9,96.3,125.8
2025-02-01 07:41:04,56.4,98.2,142.0
2025-02-01 07:41:19,78.4,97.4,123.7
2025-02-01 07:41:22,69.3,96.4,130.7
2025-02-01 07:41:41,72.5,96.0,131.5
2025-02-01 07:41:48,69.6,96.1,112.2
2025-02-01 07:41:58,61.9,97.3,160.1
2025-02-01 07:42:02,81.7,96.2,126.0
2025-02-01 07:42:38,55.0,97.0,133.2
2025-02-01 07:43:17,69.0,96.8,121.1
2025-02-01 07:43:33,71.7,97.2,147.6
2025-02-01 07:43:33,88.4,98.3,121.4
2025-02-01 07:43:37,80.1,96.1,133.6
2025-02-01 07:43:41,66.4,96.6,123.6
2025-02-01 07:43:49,62.5,94.0,114.4
2025-02-01 07:44:06,87.1,97.0,110.4
2025-02-01 07:44:11,83.7,97.6,118.2
2025-02-01 07:45:15,83.4,98.9,125.4
2025-02-01 07:45:22,57.9,96.8,115.6
2025-02-01 07:45:31,73.6,99.3,120.1
2025-02-01 07:45:43,85.9,98.1,133.9
2025-02-01 07:46:05,63.7,97.1,144.3
2025-02-01 07:46:09,80.8,98.2,108.1
2025-02-01 07:46:28,79.9,98.1,141.2
2025-02-01 07:46:39,82.6,96.8,139.2
2025-02-01 07:46:44,85.9,97.7,127.9
2025-02-01 07:47:03,92.8,97.7,139.7
2025-02-01 07:47:17,75.2,97.9,121.6
2025-02-01 07:47:19,66.5,98.8,144.7
2025-02-01 07:47:41,68.6,96.2,120.8
2025-02-01 07:47:44,86.4,94.4,107.0
2025-02-01 07:47:51,55.5,95.4,101.1
2025-02-01 07:48:00,67.3,98.0,161.9
2025-02-01 07:48:30,82.6,95.3,106.1
2025-02-01 07:49:15,69.7,96.7,104.2
2025-02-01 07:49:29,71.1,98.7,126.0
2025-02-01 07:49:32,80.5,96.8,138.9
2025-02-01 07:49:33,75.1,97.5,132.2
2025-02-01 07:49:37,82.2,96.1,131.2
2025-02-01 07:49:46,74.4,97.9,141.1
2025-02-01 07:50:05,71.0,99.5,128.5
2025-02-01 07:50:25,69.9,96.8,131.6
2025-02-01 07:50:45,65.2,97.9,137.1
2025-02-01 07:50:46,76.2,96.3,130.5
2025-02-01 07:51:08,79.0,96.8,111.5
2025-02-01 07:51:13,69.2,97.4,135.2
2025-02-01 07:51:17,87.6,96.5,108.3
2025-02-01 07:52:01,66.8,97.0,142.4
2025-02-01 07:52:13,69.3,99.1,131.2
2025-02-01 07:52:24,66.9,94.9,149.0
2025-02-01 07:52:28,77.7,97.0,129.7
2025-02-01 07:52:42,84.3,95.3,131.2
2025-02-01 07:52:56,74.1,96.5,114.4
2025-02-01 07:52:57,67.0,98.7,133.3
2025-02-01 07:53:03,67.3,97.4,133.7
2025-02-01 07:53:06,77.4,97.4,132.7
2025-02-01 07:53:23,74.8,95.5,123.9
2025-02-01 07:53:34,67.2,96.7,124.2
2025-02-01 07:53:40,71.5,96.8,115.4
2025-02-01 07:53:42,67.9,96.9,120.8
2025-02-01 07:53:50,63.9,97.4,165.9
2025-02-01 07:54:07,73.4,98.4,135.6
2025-02-01 07:54:31,74.5,96.0,111.6
2025-02-01 07:54:40,80.5,96.3,113.1
2025-02-01 07:54:45,90.5,98.0,134.7
2025-02-01 07:55:51,73.5,97.0,143.6
2025-02-01 07:56:03,82.1,97.7,133.2
2025-02-01 07:56:30,85.0,96.0,139.5
2025-02-01 07:56:35,76.7,97.7,126.5
2025-02-01 07:56:49,84.8,95.0,100.1
2025-02-01 07:56:54,79.4,99.7,112.5
2025-02-01 07:56:58,65.9,94.8,118.4
2025-02-01 07:57:01,87.4,97.0,113.4
2025-02-01 07:57:13,74.4,97.5,151.9
2025-02-01 07:57:17,83.0,98.7,121.0
2025-02-01 07:57:18,65.8,96.4,151.0
2025-02-01 07:57:58,69.7,97.5,125.0
2025-02-01 07:58:06,73.6,99.3,143.0
2025-02-01 07:58:55,79.8,96.6,128.4
2025-02-01 07:59:13,79.7,97.1,137.5
2025-02-01 07:59:54,83.6,97.5,120.2
2025-02-01 07:59:56,67.1,98.1,130.2
2025-02-01 08:00:23,77.6,97.4,132.0
2025-02-01 08:00:27,83.9,96.0,136.1
2025-02-01 08:00:36,89.1,96.9,137.6
2025-02-01 08:00:43,66.6,98.6,134.1
2025-02-01 08:00:55,87.9,94.3,147.6
2025-02-01 08:01:01,58.6,96.0,141.9
2025-02-01 08:01:05,64.6,96.4,122.9
2025-02-01 08:01:22,84.9,97.5,92.7
2025-02-01 08:02:01,76.9,100.0,126.2
2025-02-01 08:02:24,95.1,99.2,114.2
2025-02-01 08:03:10,61.5,100.0,115.8
2025-02-01 08:03:13,82.4,96.4,123.3
2025-02-01 08:03:23,70.2,97.5,123.7
2025-02-01 08:04:30,80.1,99.4,122.7
2025-02-01 08:04:39,100.8,96.0,155.5
2025-02-01 08:04:50,61.0,96.4,122.7
2025-02-01 08:05:02,68.8,94.6,139.5
2025-02-01 08:05:24,76.9,99.4,119.9
2025-02-01 08:05:38,80.2,95.9,146.9
2025-02-01 08:06:12,83.0,95.3,145.8
2025-02-01 08:06:14,78.3,97.1,118.5
2025-02-01 08:06:15,81.2,96.3,143.5
2025-02-01 08:06:27,89.3,96.5,123.8
2025-02-01 08:06:36,76.2,97.3,139.5
2025-02-01 08:06:49,67.9,96.9,141.2
2025-02-01 08:06:56,58.3,99.5,132.3
2025-02-01 08:07:31,63.6,97.5,151.3
2025-02-01 08:07:34,65.8,95.0,96.3
2025-02-01 08:07:38,76.1,98.1,114.9
2025-02-01 08:07:43,82.2,97.1,123.0
2025-02-01 08:07:45,55.0,96.9,97.2
2025-02-01 08:07:53,77.3,97.7,112.7
2025-02-01 08:08:04,65.9,98.5,120.5
2025-02-01 08:08:11,69.5,94.7,137.4
2025-02-01 08:08:14,98.5,97.1,149.8
2025-02-01 08:09:01,71.6,95.7,130.7
2025-02-01 08:09:01,72.3,96.6,128.1
2025-02-01 08:09:25,85.5,96.3,129.7
2025-02-01 08:09:29,74.3,98.0,110.2
2025-02-01 08:09:34,59.7,98.0,98.2
2025-02-01 08:09:36,87.4,97.7,145.8
2025-02-01 08:09:46,74.6,97.0,130.2
2025-02-01 08:10:01,78.5,96.4,123.6
2025-02-01 08:10:13,93.2,95.9,133.0
2025-02-01 08:10:43,76.8,95.4,138.1
2025-02-01 08:10:44,86.5,99.8,112.6
2025-02-01 08:10:46,79.6,96.1,155.6
2025-02-01 08:10:54,78.3,97.3,127.3
2025-02-01 08:11:05,81.9,96.0,116.1
2025-02-01 08:11:30,60.3,97.7,147.9
2025-02-01 08:11:33,92.6,96.0,143.2
2025-02-01 08:11:37,85.1,96.3,128.9
2025-02-01 08:11:43,83.2,96.9,128.0
2025-02-01 08:11:51,89.4,97.3,128.5
2025-02-01 08:12:05,94.4,96.0,139.7
2025-02-01 08:12:35,86.7,95.5,144.4
2025-02-01 08:13:07,69.0,95.0,114.0
2025-02-01 08:13:20,78.0,97.0,167.8
2025-02-01 08:13:47,71.1,98.0,135.4
2025-02-01 08:13:59,68.5,98.0,142.2
2025-02-01 08:14:00,75.5,98.0,135.2
2025-02-01 08:14:29,83.0,97.3,145.4
2025-02-01 08:15:13,79.3,96.0,126.3
2025-02-01 08:15:15,76.8,97.7,119.1
2025-02-01 08:15:19,79.8,96.8,121.6
2025-02-01 08:15:41,74.0,94.8,126.7
2025-02-01 08:15:55,69.9,95.9,142.0
2025-02-01 08:16:37,79.6,94.9,137.3
2025-02-01 08:16:48,74.6,98.9,152.9
2025-02-01 08:16:57,83.2,96.8,133.1
2025-02-01 08:17:05,76.4,98.6,145.2
2025-02-01 08:17:19,80.6,97.2,114.6
2025-02-01 08:17:21,77.0,96.7,119.6
2025-02-01 08:18:03,60.0,96.9,128.4
2025-02-01 08:18:16,73.2,99.6,133.9
2025-02-01 08:18:18,55.0,97.4,152.6
2025-02-01 08:19:16,72.0,97.5,100.2
2025-02-01 08:20:15,87.6,96.8,127.1
2025-02-01 08:20:22,68.8,96.4,125.4
2025-02-01 08:20:52,67.5,97.5,133.2
2025-02-01 08:20:53,61.6,95.0,115.4
2025-02-01 08:21:03,74.9,97.6,129.0
2025-02-01 08:21:14,82.6,96.4,122.9
2025-02-01 08:21:42,86.4,98.5,121.6
2025-02-01 08:21:44,76.5,95.1,122.7
2025-02-01 08:21:54,77.0,97.6,137.0
2025-02-01 08:22:07,64.1,95.7,127.6
2025-02-01 08:22:09,74.3,96.5,141.4
2025-02-01 08:22:15,79.8,97.3,106.2
2025-02-01 08:22:20,73.4,95.6,127.1
2025-02-01 08:23:15,68.7,95.2,109.2
2025-02-01 08:23:55,78.5,97.2,116.9
2025-02-01 08:24:27,90.3,96.8,114.0
2025-02-01 08:24:35,76.0,94.1,146.9
2025-02-01 08:25:52,80.1,95.2,128.1
2025-02-01 08:25:58,79.6,97.8,125.1
2025-02-01 08:26:33,75.7,95.9,121.6
2025-02-01 08:26:40,83.9,98.0,132.6
2025-02-01 08:27:13,71.1,98.9,142.2
2025-02-01 08:27:18,77.9,95.3,131.0
2025-02-01 08:27:28,77.7,95.6,132.9
2025-02-01 08:27:47,95.0,98.7,130.4
2025-02-01 08:28:15,69.8,97.6,101.1
2025-02-01 08:28:26,68.8,99.2,104.9
2025-02-01 08:29:24,67.2,97.7,123.3
2025-02-01 08:29:35,82.7,97.9,121.8
2025-02-01 08:29:45,65.4,96.3,132.7
2025-02-01 08:29:46,62.4,98.0,140.3
2025-02-01 08:30:18,69.6,95.8,118.6
2025-02-01 08:30:57,81.4,94.7,136.3
2025-02-01 08:31:12,74.8,96.1,123.3
2025-02-01 08:31:26,76.6,96.4,125.8
2025-02-01 08:31:32,78.1,94.7,110.0
2025-02-01 08:32:14,102.7,96.1,127.9
2025-02-01 08:32:38,62.6,95.3,147.4
2025-02-01 08:32:47,65.0,97.1,104.2
2025-02-01 08:32:47,69.6,98.1,124.6
2025-02-01 08:33:31,76.6,94.6,129.0
2025-02-01 08:33:32,68.6,97.1,128.2
2025-02-01 08:33:36,60.2,95.8,149.9
2025-02-01 08:34:05,76.7,96.1,138.0
2025-02-01 08:34:07,65.7,97.7,124.8
2025-02-01 08:34:24,72.2,98.3,143.6
2025-02-01 08:34:39,74.3,97.0,120.9
2025-02-01 08:34:52,72.6,96.4,121.6
2025-02-01 08:35:02,68.7,99.3,145.4
2025-02-01 08:35:34,85.8,97.6,152.2
2025-02-01 08:35:34,81.3,95.1,137.6
2025-02-01 08:36:06,70.4,97.2,112.8
2025-02-01 08:36:17,75.8,98.8,106.7
2025-02-01 08:37:02,83.3,97.1,141.5
2025-02-01 08:37:15,77.9,97.5,144.0
2025-02-01 08:37:31,74.7,97.8,118.1
2025-02-01 08:37:37,72.0,95.1,148.2
2025-02-01 08:37:38,76.4,99.3,121.2
2025-02-01 08:38:07,73.4,96.9,107.6
2025-02-01 08:38:13,91.6,95.0,128.7
2025-02-01 08:38:23,64.1,98.7,133.4
2025-02-01 08:39:52,65.2,96.7,112.3
2025-02-01 08:40:00,64.8,97.5,141.9
2025-02-01 08:40:03,67.8,93.5,123.3
2025-02-01 08:40:19,68.5,97.5,140.5
2025-02-01 08:40:48,66.0,98.3,134.8
2025-02-01 08:40:58,71.6,98.3,109.1
2025-02-01 08:41:05,65.9,94.4,110.9
2025-02-01 08:41:12,67.3,96.3,132.0
2025-02-01 08:41:14,83.0,97.3,124.2
2025-02-01 08:41:16,71.5,96.9,145.8
2025-02-01 08:41:26,76.7,95.7,128.9
2025-02-01 08:41:32,71.3,99.3,116.2
2025-02-01 08:41:33,72.8,96.1,155.0
2025-02-01 08:41:49,80.1,98.3,117.6
2025-02-01 08:42:01,79.9,97.3,115.7
2025-02-01 08:42:20,71.5,97.4,109.8
2025-02-01 08:42:42,77.0,96.4,146.3
2025-02-01 08:42:44,76.3,99.8,139.6
2025-02-01 08:42:53,74.2,95.8,121.0
2025-02-01 08:43:02,74.2,95.6,109.1
2025-02-01 08:43:25,74.6,98.2,136.0
2025-02-01 08:43:40,72.5,100.0,146.6
2025-02-01 08:43:42,77.2,98.8,122.0
2025-02-01 08:44:37,71.4,96.7,115.0
2025-02-01 08:45:02,75.2,96.3,124.6
2025-02-01 08:45:08,68.4,96.5,129.4
2025-02-01 08:45:09,68.2,97.5,128.6
2025-02-01 08:45:14,76.3,95.5,128.9
2025-02-01 08:45:20,79.3,96.8,119.3
2025-02-01 08:45:29,55.0,97.7,124.4
2025-02-01 08:45:30,77.6,96.9,146.1
2025-02-01 08:45:52,75.6,98.2,134.1
2025-02-01 08:45:54,62.0,95.3,163.1
2025-02-01 08:46:05,67.3,96.1,129.3
2025-02-01 08:46:36,76.9,95.9,123.3
2025-02-01 08:46:42,80.8,98.0,135.3
2025-02-01 08:47:01,65.2,95.3,148.0
2025-02-01 08:47:07,74.3,97.3,127.9
2025-02-01 08:47:07,86.1,97.9,130.6
2025-02-01 08:47:12,91.2,97.8,146.6
2025-02-01 08:47:15,84.2,96.8,132.4
2025-02-01 08:47:27,83.8,96.6,124.9
2025-02-01 08:47:32,81.3,97.8,109.7
2025-02-01 08:47:57,93.3,96.9,130.9
2025-02-01 08:48:03,88.2,96.6,104.3
2025-02-01 08:48:03,73.3,94.9,112.8
2025-02-01 08:48:43,72.4,94.3,118.5
2025-02-01 08:48:56,69.8,96.7,109.8
2025-02-01 08:49:22,78.9,96.5,118.1
2025-02-01 08:50:01,78.1,97.8,122.9
2025-02-01 08:50:02,72.4,98.6,122.6
2025-02-01 08:50:10,77.3,97.4,125.8
2025-02-01 08:51:12,55.6,97.5,137.8
2025-02-01 08:51:12,68.6,97.4,112.9
2025-02-01 08:51:15,86.6,99.2,145.6
2025-02-01 08:51:28,61.3,97.9,109.0
2025-02-01 08:51:37,74.4,97.4,109.6
2025-02-01 08:51:42,74.5,97.0,109.1
2025-02-01 08:51:47,76.0,98.0,136.4
2025-02-01 08:51:59,78.4,95.5,122.0
2025-02-01 08:51:59,58.8,96.3,121.2
2025-02-01 08:52:22,77.3,95.7,125.3
2025-02-01 08:52:27,77.3,95.9,144.1
2025-02-01 08:52:53,73.2,99.2,145.6
2025-02-01 08:52:59,80.0,98.6,137.3
2025-02-01 08:53:52,74.1,98.8,122.9
2025-02-01 08:54:18,55.0,97.4,117.5
2025-02-01 08:54:43,70.9,96.1,128.7
2025-02-01 08:55:05,60.4,96.3,145.4
2025-02-01 08:55:36,69.6,94.9,111.7
2025-02-01 08:55:59,64.3,93.9,129.8
2025-02-01 08:56:25,78.4,97.3,140.6
2025-02-01 08:56:26,81.8,96.1,132.9
2025-02-01 08:56:28,78.6,96.3,142.2
2025-02-01 08:56:44,74.3,98.7,124.1
2025-02-01 08:57:07,91.3,97.9,164.2
2025-02-01 08:57:14,76.1,97.5,117.7
2025-02-01 08:57:20,72.3,95.4,127.2
2025-02-01 08:57:26,91.2,97.5,138.5
2025-02-01 08:57:40,78.5,95.8,130.8
2025-02-01 08:57:48,78.9,95.7,118.5
2025-02-01 08:58:00,84.4,95.2,132.1
2025-02-01 08:58:05,69.9,96.4,148.1
2025-02-01 08:58:26,74.6,99.6,127.4
2025-02-01 08:58:40,74.4,94.6,121.8
2025-02-01 08:58:51,83.1,96.4,139.2
2025-02-01 08:59:02,87.9,96.2,157.7
2025-02-01 08:59:26,74.6,98.2,123.0
2025-02-01 08:59:43,77.8,96.3,120.9
2025-02-01 08:59:50,61.5,97.2,139.1
2025-02-01 09:00:04,60.0,96.7,162.3
2025-02-01 09:00:07,90.8,95.3,115.0
2025-02-01 09:00:28,74.2,96.7,136.9
2025-02-01 09:00:29,67.1,95.8,116.9
2025-02-01 09:00:40,73.0,97.3,116.8
2025-02-01 09:01:22,69.6,98.3,153.1
2025-02-01 09:01:22,64.8,96.0,115.3
2025-02-01 09:01:41,72.4,97.1,108.0
2025-02-01 09:01:42,69.3,95.7,147.7
2025-02-01 09:01:47,72.0,96.5,137.2
2025-02-01 09:02:06,76.0,96.7,125.7
2025-02-01 09:02:46,78.3,98.2,133.0
2025-02-01 09:03:05,83.4,98.6,133.7
2025-02-01 09:03:33,79.6,97.0,161.3
2025-02-01 09:03:34,85.0,96.2,121.8
2025-02-01 09:03:35,60.4,97.1,112.1
2025-02-01 09:03:44,67.2,98.3,129.1
2025-02-01 09:03:45,69.8,99.0,114.3
2025-02-01 09:03:58,83.5,95.2,121.5
2025-02-01 09:04:00,68.4,95.6,117.2
2025-02-01 09:04:13,90.0,98.6,118.0
2025-02-01 09:04:31,76.8,97.7,130.8
2025-02-01 09:04:42,67.7,99.6,124.2
2025-02-01 09:04:47,69.8,97.0,141.2
2025-02-01 09:04:54,61.5,96.2,104.1
2025-02-01 09:04:59,80.9,96.9,131.6
2025-02-01 09:05:26,70.2,98.4,118.2
2025-02-01 09:05:31,88.4,95.8,132.2
2025-02-01 09:05:36,84.6,98.1,115.5
2025-02-01 09:05:44,68.5,98.6,113.2
2025-02-01 09:06:06,81.4,97.8,134.2
2025-02-01 09:06:09,68.5,95.9,124.4
2025-02-01 09:06:12,69.2,98.6,130.0
2025-02-01 09:06:20,74.2,96.6,139.5
2025-02-01 09:06:29,88.2,97.3,124.9
2025-02-01 09:07:07,90.3,97.2,121.0
2025-02-01 09:07:11,75.2,99.1,130.2
2025-02-01 09:07:29,67.6,96.2,141.6
2025-02-01 09:07:41,92.1,97.6,125.1
2025-02-01 09:08:13,73.2,97.5,134.9
2025-02-01 09:08:13,78.4,97.5,113.0
2025-02-01 09:08:21,63.8,96.0,134.7
2025-02-01 09:08:56,67.8,95.4,139.5
2025-02-01 09:09:04,87.8,97.3,156.5
2025-02-01 09:09:08,59.7,99.0,148.9
2025-02-01 09:09:14,74.9,96.8,115.0
2025-02-01 09:09:35,72.9,98.6,119.8
2025-02-01 09:09:47,55.0,96.2,146.3
2025-02-01 09:09:50,88.0,97.6,134.8
2025-02-01 09:09:58,71.5,97.5,145.6
2025-02-01 09:10:24,81.0,96.3,99.9
2025-02-01 09:10:33,90.6,96.2,126.4
2025-02-01 09:11:00,80.7,96.2,124.2
2025-02-01 09:11:02,65.3,96.2,130.3
2025-02-01 09:11:13,85.7,95.5,118.7
2025-02-01 09:11:23,87.8,98.7,118.7
2025-02-01 09:11:29,86.2,97.1,122.0
2025-02-01 09:11:54,71.0,97.7,117.3
2025-02-01 09:11:57,78.9,95.2,120.0
2025-02-01 09:12:02,66.1,97.3,117.5
2025-02-01 09:12:04,76.8,96.0,115.1
2025-02-01 09:12:48,69.9,95.2,121.9
2025-02-01 09:13:05,65.1,97.9,143.6
2025-02-01 09:13:17,90.2,97.2,119.3
2025-02-01 09:13:22,74.1,94.7,121.3
2025-02-01 09:13:40,92.2,96.1,131.1
2025-02-01 09:13:43,74.7,95.8,116.7
2025-02-01 09:13:48,72.3,95.2,107.9
2025-02-01 09:14:10,74.1,94.6,127.4
2025-02-01 09:14:15,80.7,95.2,138.1
2025-02-01 09:14:34,80.5,96.4,106.9
2025-02-01 09:15:29,85.9,98.2,129.4
2025-02-01 09:15:50,85.0,99.7,127.3
2025-02-01 09:16:01,87.7,98.2,119.8
2025-02-01 09:16:06,79.1,96.4,143.1
2025-02-01 09:16:17,73.5,95.8,124.7
2025-02-01 09:16:20,82.2,96.0,124.9
2025-02-01 09:16:27,74.8,97.0,153.7
2025-02-01 09:16:35,79.7,95.0,125.1
2025-02-01 09:16:38,70.1,93.5,106.9
2025-02-01 09:16:39,74.5,98.4,162.3
2025-02-01 09:16:59,67.6,97.4,150.3
2025-02-01 09:17:05,99.3,96.0,141.9
2025-02-01 09:17:17,98.6,99.4,132.1
2025-02-01 09:17:23,82.0,96.4,143.7
2025-02-01 09:17:52,72.8,96.4,125.2
2025-02-01 09:18:07,64.4,98.6,141.8
2025-02-01 09:18:23,74.3,94.5,144.9
2025-02-01 09:18:31,67.2,99.0,132.5
2025-02-01 09:18:49,77.3,97.6,124.3
2025-02-01 09:19:13,67.2,93.9,124.0
2025-02-01 09:19:27,80.6,96.5,119.3
2025-02-01 09:19:43,66.8,95.7,123.4
2025-02-01 09:20:25,69.8,98.5,119.7
2025-02-01 09:20:43,58.6,96.9,129.9
2025-02-01 09:20:47,88.8,98.0,129.9
2025-02-01 09:20:49,57.4,98.1,122.9
2025-02-01 09:20:59,59.0,97.8,132.9
2025-02-01 09:21:07,62.9,95.5,158.1
2025-02-01 09:21:15,82.1,96.4,132.0
2025-02-01 09:21:18,65.6,97.0,127.0
2025-02-01 09:21:33,68.4,97.3,137.2
2025-02-01 09:21:44,79.2,97.0,104.5
2025-02-01 09:21:55,66.9,97.5,144.5
2025-02-01 09:22:08,72.5,94.8,130.8
2025-02-01 09:22:17,77.8,96.5,123.0
2025-02-01 09:22:18,79.5,94.4,139.6
2025-02-01 09:22:32,79.2,98.6,126.8
2025-02-01 09:22:42,78.9,96.3,115.7
2025-02-01 09:22:46,75.9,99.2,125.5
2025-02-01 09:23:08,96.0,97.4,116.4
2025-02-01 09:23:38,58.3,96.9,129.4
2025-02-01 09:23:38,85.3,98.4,125.1
2025-02-01 09:23:44,71.3,98.9,127.8
2025-02-01 09:23:53,76.2,97.0,111.0
2025-02-01 09:23:57,101.8,94.2,114.5
2025-02-01 09:24:01,89.8,96.7,150.4
2025-02-01 09:24:27,71.9,98.2,160.5
2025-02-01 09:24:58,77.8,96.7,143.1
2025-02-01 09:25:03,70.3,96.2,143.3
2025-02-01 09:25:10,76.2,94.9,150.4
2025-02-01 09:25:11,71.3,96.9,144.5
2025-02-01 09:25:19,76.6,96.4,143.1
2025-02-01 09:25:35,67.0,96.2,109.4
2025-02-01 09:25:40,68.9,96.7,129.2
2025-02-01 09:25:49,75.1,95.5,124.8
2025-02-01 09:25:57,73.6,96.4,137.4
2025-02-01 09:26:01,84.0,98.0,135.2
2025-02-01 09:26:05,67.6,94.6,129.1
2025-02-01 09:26:13,77.9,97.2,165.9
2025-02-01 09:26:40,68.2,97.0,144.1
2025-02-01 09:27:17,75.4,98.0,121.3
2025-02-01 09:27:20,69.1,98.4,129.7
2025-02-01 09:27:39,74.1,95.9,144.3
2025-02-01 09:27:51,98.2,96.0,125.5
2025-02-01 09:28:42,64.7,95.9,147.9
2025-02-01 09:28:46,81.3,96.8,135.6
2025-02-01 09:28:53,69.9,98.3,135.7
2025-02-01 09:28:54,77.2,96.1,130.3
2025-02-01 09:29:33,69.1,98.6,140.5
2025-02-01 09:29:42,80.0,99.2,114.7
2025-02-01 09:29:58,86.9,96.7,120.0
2025-02-01 09:30:10,81.2,96.7,117.5
2025-02-01 09:30:59,76.3,97.7,150.3
2025-02-01 09:31:07,87.1,99.2,123.6
2025-02-01 09:31:30,71.0,96.2,124.1
2025-02-01 09:31:30,65.0,98.3,127.0
2025-02-01 09:31:32,71.8,97.9,122.1
2025-02-01 09:31:33,74.5,97.2,101.4
2025-02-01 09:32:04,74.8,99.2,128.5
2025-02-01 09:32:28,69.6,96.6,115.3
2025-02-01 09:32:29,80.0,99.0,128.0
2025-02-01 09:32:43,68.6,96.7,117.4
2025-02-01 09:32:54,97.0,98.9,142.2
2025-02-01 09:33:02,79.8,97.1,128.4
2025-02-01 09:33:05,62.5,96.9,143.4
2025-02-01 09:33:16,74.2,97.2,124.9
2025-02-01 09:33:16,55.8,95.4,110.1
2025-02-01 09:33:27,83.1,98.0,135.1
2025-02-01 09:33:53,66.9,98.8,117.4
2025-02-01 09:33:59,61.7,97.5,119.8
2025-02-01 09:34:02,74.1,97.1,156.9
2025-02-01 09:34:15,62.3,97.0,137.0
2025-02-01 09:34:29,79.0,94.7,143.0
2025-02-01 09:34:39,70.7,97.7,122.8
2025-02-01 09:34:53,84.1,98.5,112.1
2025-02-01 09:34:55,80.8,98.1,124.1
2025-02-01 09:35:12,68.4,96.9,154.7
2025-02-01 09:35:13,79.6,96.9,128.0
2025-02-01 09:35:38,81.8,97.3,133.8
2025-02-01 09:35:42,89.1,99.0,148.4
2025-02-01 09:35:51,63.7,94.4,100.1
2025-02-01 09:35:53,87.5,95.7,144.5
2025-02-01 09:36:05,86.2,94.3,136.1
2025-02-01 09:36:06,77.4,97.8,129.1
2025-02-01 09:36:25,100.0,96.4,132.0
2025-02-01 09:36:31,75.4,98.2,125.4
2025-02-01 09:36:34,75.5,96.8,145.3
2025-02-01 09:36:56,65.7,97.0,96.6
2025-02-01 09:36:58,80.0,98.7,118.8
2025-02-01 09:38:13,83.5,98.1,121.5
2025-02-01 09:38:29,72.2,96.2,119.4
2025-02-01 09:38:33,64.6,99.0,139.3
2025-02-01 09:38:39,92.2,97.4,114.7
2025-02-01 09:38:42,70.1,97.3,108.5
2025-02-01 09:39:52,89.7,96.5,151.3
2025-02-01 09:39:55,79.4,95.0,113.9
2025-02-01 09:39:58,81.3,95.7,121.3
2025-02-01 09:40:10,76.5,95.9,129.4
2025-02-01 09:40:12,59.7,97.2,102.0
2025-02-01 09:40:36,75.0,98.6,155.2
2025-02-01 09:40:38,81.5,97.0,126.8
2025-02-01 09:40:40,82.0,97.2,129.2
2025-02-01 09:40:41,70.2,94.3,142.6
2025-02-01 09:40:48,94.8,96.3,131.0
2025-02-01 09:40:51,79.0,97.3,126.7
2025-02-01 09:40:56,74.8,95.9,134.4
2025-02-01 09:41:16,67.4,95.2,112.5
2025-02-01 09:41:22,61.3,97.3,132.7
2025-02-01 09:41:27,69.4,97.7,109.4
2025-02-01 09:42:14,77.6,95.2,119.7
2025-02-01 09:42:21,74.6,97.8,147.0
2025-02-01 09:42:39,79.8,96.5,93.0
2025-02-01 09:43:07,90.5,97.7,131.0
2025-02-01 09:43:15,83.3,96.0,128.1
2025-02-01 09:43:37,63.6,98.2,139.7
2025-02-01 09:43:51,89.6,97.4,140.6
2025-02-01 09:43:53,86.1,95.5,160.6
2025-02-01 09:43:58,73.9,98.3,106.7
2025-02-01 09:44:02,71.2,94.6,123.4
2025-02-01 09:44:03,62.9,96.3,141.5
2025-02-01 09:44:55,74.4,100.0,120.9
2025-02-01 09:45:00,77.5,99.2,90.0
2025-02-01 09:45:03,70.8,97.0,115.4
2025-02-01 09:45:25,75.0,97.7,134.3
2025-02-01 09:46:39,73.7,95.8,130.6
2025-02-01 09:46:56,75.2,99.2,136.0
2025-02-01 09:47:25,71.5,95.9,122.0
2025-02-01 09:47:35,75.7,97.7,121.1
2025-02-01 09:48:07,91.8,97.9,137.0
2025-02-01 09:48:15,87.4,97.0,124.8
2025-02-01 09:48:16,76.7,96.5,126.4
2025-02-01 09:48:59,66.0,96.9,122.0
2025-02-01 09:49:16,65.2,97.4,116.6
2025-02-01 09:49:20,70.2,97.7,126.4
2025-02-01 09:49:20,79.8,95.2,122.2
2025-02-01 09:49:47,74.1,97.3,148.0
2025-02-01 09:49:48,67.9,96.6,133.0
2025-02-01 09:50:22,61.8,97.3,126.2
2025-02-01 09:51:33,68.4,98.1,137.8
2025-02-01 09:51:35,80.7,96.7,135.8
2025-02-01 09:51:40,72.9,97.4,145.3
2025-02-01 09:52:07,60.9,96.5,119.0
2025-02-01 09:52:13,68.9,98.0,118.7
2025-02-01 09:52:17,80.5,98.1,118.5
2025-02-01 09:52:23,79.8,97.0,112.9
2025-02-01 09:52:30,74.7,98.9,119.1
2025-02-01 09:52:55,66.7,97.0,117.6
2025-02-01 09:52:57,81.7,97.0,137.2
2025-02-01 09:53:20,68.9,99.0,110.8
2025-02-01 09:53:21,71.8,98.0,118.5
2025-02-01 09:53:27,64.1,95.4,122.8
2025-02-01 09:53:43,83.3,92.7,125.3
2025-02-01 09:53:44,82.8,99.8,139.2
2025-02-01 09:53:46,76.7,99.7,122.6
2025-02-01 09:53:46,80.6,93.2,123.8
2025-02-01 09:54:00,62.0,96.3,121.8
2025-02-01 09:54:05,80.5,95.2,138.6
2025-02-01 09:54:10,60.7,97.3,130.3
2025-02-01 09:54:38,72.7,96.9,121.8
2025-02-01 09:54:45,72.2,97.3,116.7
2025-02-01 09:55:05,69.6,97.6,141.6
2025-02-01 09:55:10,85.8,98.3,135.0
2025-02-01 09:55:12,100.1,94.4,148.7
2025-02-01 09:55:21,56.9,94.0,144.9
2025-02-01 09:55:24,79.0,96.5,114.3
2025-02-01 09:55:38,85.3,97.5,110.2
2025-02-01 09:55:46,74.4,97.7,149.8
2025-02-01 09:55:54,81.9,95.9,134.7
2025-02-01 09:56:23,64.4,98.9,124.8
2025-02-01 09:56:41,69.5,94.8,123.5
2025-02-01 09:56:55,86.2,95.5,109.1
2025-02-01 09:57:28,86.4,98.4,121.5
2025-02-01 09:57:37,75.3,98.1,137.3
2025-02-01 09:57:49,85.4,97.4,113.9
2025-02-01 09:58:00,84.5,98.7,117.7
2025-02-01 09:58:01,82.1,98.2,130.1
2025-02-01 09:58:15,92.0,96.2,152.4
2025-02-01 09:58:24,81.6,97.5,141.5
2025-02-01 09:58:31,64.0,97.1,125.4
2025-02-01 09:58:50,88.6,95.6,116.5
2025-02-01 09:58:56,64.5,96.5,133.1
2025-02-01 09:59:17,79.8,97.5,128.5
2025-02-01 10:00:03,67.2,95.6,129.3
2025-02-01 10:00:14,70.5,95.6,131.5
2025-02-01 10:00:16,85.2,98.1,145.5
2025-02-01 10:00:19,66.3,97.1,127.2
2025-02-01 10:00:21,73.5,96.4,130.9
2025-02-01 10:00:25,72.0,95.5,151.7
2025-02-01 10:00:28,64.4,95.6,94.8
2025-02-01 10:00:57,76.4,98.2,130.9
2025-02-01 10:01:20,59.2,97.9,100.0
2025-02-01 10:01:26,72.0,96.2,129.6
2025-02-01 10:01:32,61.2,96.6,130.7
2025-02-01 10:01:35,76.0,95.9,136.6
2025-02-01 10:01:57,71.6,95.9,118.8
2025-02-01 10:02:00,83.7,95.2,151.4
2025-02-01 10:02:05,78.0,97.1,110.6
2025-02-01 10:02:17,72.2,96.7,131.9
2025-02-01 10:02:19,77.9,97.1,112.4
2025-02-01 10:02:55,87.7,95.9,137.2
2025-02-01 10:03:07,69.9,97.7,129.7
2025-02-01 10:03:23,74.7,98.3,133.7
2025-02-01 10:03:24,76.6,94.1,125.9
2025-02-01 10:03:30,76.0,96.2,138.5
2025-02-01 10:03:30,71.7,95.6,121.6
2025-02-01 10:03:45,66.1,96.5,144.7
2025-02-01 10:03:59,74.6,95.2,147.6
2025-02-01 10:05:17,68.6,97.8,115.2
2025-02-01 10:05:53,64.4,96.9,125.1
2025-02-01 10:06:09,69.8,96.9,102.1
2025-02-01 10:06:10,83.4,97.8,96.4
2025-02-01 10:06:15,80.0,98.1,119.2
2025-02-01 10:06:24,79.6,96.6,130.0
2025-02-01 10:06:25,81.5,97.9,142.1
2025-02-01 10:06:51,72.1,97.4,127.5
2025-02-01 10:06:53,74.2,96.5,125.7
2025-02-01 10:07:03,69.6,96.9,143.5
2025-02-01 10:07:10,73.4,95.8,142.1
2025-02-01 10:07:14,70.0,96.2,128.9
2025-02-01 10:07:40,84.6,98.7,156.5
2025-02-01 10:07:54,68.8,99.3,150.9
2025-02-01 10:08:08,71.6,97.2,104.6
2025-02-01 10:08:20,84.8,96.7,133.3
2025-02-01 10:08:33,78.2,95.9,134.8
2025-02-01 10:08:40,75.2,99.2,147.9
2025-02-01 10:08:44,75.1,95.3,113.7
2025-02-01 10:08:56,64.8,93.8,129.8
2025-02-01 10:08:57,91.6,96.8,120.3
2025-02-01 10:09:12,85.1,99.6,145.7
2025-02-01 10:09:20,71.8,97.3,114.8
2025-02-01 10:09:22,68.1,98.0,155.2
2025-02-01 10:09:44,79.9,98.6,112.7
2025-02-01 10:09:50,70.6,96.2,129.9
2025-02-01 10:10:11,83.2,95.3,108.5
2025-02-01 10:10:47,81.1,97.4,125.1
2025-02-01 10:11:00,73.0,97.9,127.1
2025-02-01 10:11:09,75.6,97.4,140.8
2025-02-01 10:11:29,90.3,100.0,134.5
2025-02-01 10:11:30,68.3,95.5,122.0
2025-02-01 10:11:58,76.8,96.6,111.4
2025-02-01 10:12:01,82.9,96.1,138.6
2025-02-01 10:12:10,75.5,98.0,111.2
2025-02-01 10:12:28,75.3,97.4,134.5
2025-02-01 10:12:47,79.2,97.2,122.9
2025-02-01 10:13:02,73.7,97.5,148.4
2025-02-01 10:13:05,86.2,96.9,123.1
2025-02-01 10:13:16,73.3,96.2,102.0
2025-02-01 10:13:49,66.5,96.6,129.3
2025-02-01 10:14:08,100.3,97.8,108.4
2025-02-01 10:14:14,70.2,97.4,122.5
2025-02-01 10:14:19,81.7,97.7,170.5
2025-02-01 10:14:21,79.9,97.7,134.0
2025-02-01 10:14:58,73.8,96.0,116.9
2025-02-01 10:15:15,61.4,96.5,139.0
2025-02-01 10:15:39,88.7,96.3,144.1
2025-02-01 10:15:40,88.1,97.4,125.0
2025-02-01 10:15:51,82.3,97.6,138.9
2025-02-01 10:15:52,76.5,98.2,107.6
2025-02-01 10:16:00,92.7,99.1,117.6
2025-02-01 10:16:16,64.0,97.8,125.3
2025-02-01 10:16:42,81.6,96.5,130.2
2025-02-01 10:16:44,85.3,96.0,91.8
2025-02-01 10:17:24,75.6,97.0,144.1
2025-02-01 10:17:43,68.3,96.5,146.0
2025-02-01 10:18:10,68.0,94.7,124.5
2025-02-01 10:18:53,65.1,98.4,134.8
2025-02-01 10:19:00,66.4,97.0,134.1
2025-02-01 10:19:09,74.0,96.5,106.6
2025-02-01 10:19:13,59.8,95.1,103.0
2025-02-01 10:19:22,83.2,97.4,159.2
2025-02-01 10:19:39,67.9,98.8,152.7
2025-02-01 10:19:46,82.6,98.8,140.4
2025-02-01 10:20:00,79.1,98.1,136.8
2025-02-01 10:20:05,59.3,95.9,108.9
2025-02-01 10:20:20,69.8,97.2,115.5
2025-02-01 10:20:24,64.9,97.2,123.9
2025-02-01 10:20:26,80.0,96.8,108.2
2025-02-01 10:21:01,87.0,98.1,134.3
2025-02-01 10:21:02,55.1,96.0,113.7
2025-02-01 10:21:04,78.1,100.0,132.0
2025-02-01 10:21:21,73.3,99.2,118.3
2025-02-01 10:21:41,92.5,95.3,132.9
2025-02-01 10:21:53,55.0,98.4,143.5
2025-02-01 10:22:04,82.0,97.0,126.9
2025-02-01 10:22:09,78.7,98.9,131.6
2025-02-01 10:22:22,73.4,95.6,108.0
2025-02-01 10:22:32,73.0,95.9,123.8
2025-02-01 10:22:57,91.2,97.9,103.9
2025-02-01 10:23:19,71.2,100.0,154.1
2025-02-01 10:23:33,79.3,96.6,128.8
2025-02-01 10:23:56,68.9,97.1,132.3
2025-02-01 10:23:58,90.1,97.3,140.0
2025-02-01 10:24:18,63.7,96.1,134.3
2025-02-01 10:24:25,64.3,98.0,133.9
2025-02-01 10:24:34,79.9,97.4,129.3
2025-02-01 10:25:15,75.5,98.8,134.1
2025-02-01 10:25:19,76.0,97.9,136.4
2025-02-01 10:25:34,73.9,94.4,113.1
2025-02-01 10:25:41,89.3,98.7,147.7
2025-02-01 10:26:59,69.5,97.8,128.7
2025-02-01 10:28:03,62.3,96.9,121.4
2025-02-01 10:28:07,65.7,95.2,138.7
2025-02-01 10:28:15,73.2,97.5,133.5
2025-02-01 10:28:30,89.0,96.6,109.7
2025-02-01 10:28:42,66.2,96.0,156.6
2025-02-01 10:28:52,77.7,96.3,126.1
2025-02-01 10:29:17,76.2,97.7,115.8
2025-02-01 10:29:42,82.3,96.2,128.9
2025-02-01 10:29:54,80.8,97.9,133.9
2025-02-01 10:30:14,76.6,97.9,116.8
2025-02-01 10:30:15,65.4,98.2,115.7
2025-02-01 10:30:48,68.8,95.8,142.6
2025-02-01 10:31:08,68.9,95.4,119.6
2025-02-01 10:31:44,82.8,98.4,121.7
2025-02-01 10:32:07,59.3,94.6,134.3
2025-02-01 10:32:25,60.1,97.1,164.5
2025-02-01 10:32:47,62.7,98.2,176.4
2025-02-01 10:33:22,83.1,94.7,143.9
2025-02-01 10:33:48,74.7,95.2,137.6
2025-02-01 10:33:53,81.3,97.7,135.4
2025-02-01 10:33:54,83.7,95.7,98.3
2025-02-01 10:34:28,70.4,98.3,120.0
2025-02-01 10:34:34,71.1,97.0,145.7
2025-02-01 10:34:36,55.0,97.8,100.8
2025-02-01 10:34:50,86.4,97.0,138.4
2025-02-01 10:34:51,68.7,97.9,129.6
2025-02-01 10:35:03,85.4,93.4,152.3
2025-02-01 10:35:06,62.4,97.7,111.1
2025-02-01 10:35:37,87.8,96.3,136.7
2025-02-01 10:35:39,82.2,98.2,127.6
2025-02-01 10:36:21,69.7,96.4,136.5
2025-02-01 10:36:35,77.5,95.0,121.0
2025-02-01 10:36:40,59.2,98.2,131.6
2025-02-01 10:36:42,82.8,98.0,135.6
2025-02-01 10:36:59,64.6,97.5,124.1
2025-02-01 10:37:03,75.1,97.7,119.6
2025-02-01 10:37:12,97.1,97.4,113.0
2025-02-01 10:37:20,70.4,96.1,141.8
2025-02-01 10:37:21,78.0,96.9,132.7
2025-02-01 10:37:22,70.4,97.8,140.5
2025-02-01 10:37:25,85.0,97.3,129.1
2025-02-01 10:37:33,84.4,99.2,132.6
2025-02-01 10:37:36,87.4,94.7,130.2
2025-02-01 10:37:37,70.6,95.6,134.1
2025-02-01 10:37:54,96.0,96.5,106.6
2025-02-01 10:38:06,63.5,97.5,113.6
2025-02-01 10:38:10,75.6,96.2,124.4
2025-02-01 10:38:23,82.0,96.7,120.1
2025-02-01 10:38:35,73.0,98.0,133.8
2025-02-01 10:39:29,78.5,97.2,111.6
2025-02-01 10:39:32,75.3,96.7,147.8
2025-02-01 10:39:50,77.1,98.1,110.4
2025-02-01 10:40:08,64.6,96.0,115.9
2025-02-01 10:41:06,88.7,95.3,119.3
2025-02-01 10:41:18,85.4,98.4,133.8
2025-02-01 10:41:20,81.5,94.0,121.6
2025-02-01 10:41:44,82.6,97.3,128.7
2025-02-01 10:42:01,81.7,96.6,149.5
2025-02-01 10:42:16,68.1,96.4,125.0
2025-02-01 10:42:21,92.5,98.9,118.1
2025-02-01 10:42:37,79.0,97.5,123.9
2025-02-01 10:42:45,87.2,96.7,133.3
2025-02-01 10:42:45,94.7,95.9,128.6
2025-02-01 10:43:09,78.9,97.0,124.2
2025-02-01 10:43:18,73.5,96.1,153.0
2025-02-01 10:43:22,82.6,97.5,103.3
2025-02-01 10:43:28,83.1,99.9,142.4
2025-02-01 10:43:32,74.5,95.6,144.4
2025-02-01 10:44:03,82.0,97.9,122.6
2025-02-01 10:44:36,67.6,97.2,129.4
2025-02-01 10:44:53,55.0,97.2,142.4
2025-02-01 10:45:10,77.5,96.7,137.6
2025-02-01 10:46:05,56.3,95.2,135.2
2025-02-01 10:46:14,87.1,97.1,138.1
2025-02-01 10:46:32,92.1,98.2,130.6
2025-02-01 10:46:40,81.0,98.5,142.4
2025-02-01 10:46:41,68.8,96.3,160.6
2025-02-01 10:47:01,86.5,96.5,138.2
2025-02-01 10:47:17,72.7,96.8,148.2
2025-02-01 10:47:31,82.4,95.7,130.6
2025-02-01 10:47:38,71.2,99.2,131.6
2025-02-01 10:47:42,91.3,97.0,153.9
2025-02-01 10:48:27,82.2,97.2,132.8
2025-02-01 10:48:29,70.3,97.3,125.5
2025-02-01 10:48:30,78.1,96.6,141.1
2025-02-01 10:48:41,74.7,96.8,141.4
2025-02-01 10:48:42,88.5,94.4,121.4
2025-02-01 10:48:56,80.6,98.3,128.7
2025-02-01 10:49:02,83.7,98.4,115.4
2025-02-01 10:49:13,86.4,98.3,128.9
2025-02-01 10:49:16,82.5,97.4,126.1
2025-02-01 10:49:17,81.7,98.4,142.1
2025-02-01 10:49:24,88.4,97.9,122.9
2025-02-01 10:49:45,80.5,95.7,111.3
2025-02-01 10:49:48,88.2,97.5,137.3
2025-02-01 10:49:57,79.6,98.0,129.9
2025-02-01 10:50:27,75.9,96.3,119.4
2025-02-01 10:50:47,67.5,94.6,139.8
2025-02-01 10:51:04,75.9,97.6,123.2
2025-02-01 10:51:17,74.8,96.9,129.5
2025-02-01 10:51:25,71.9,95.2,138.0
2025-02-01 10:52:11,95.8,96.7,114.4
2025-02-01 10:52:12,60.6,95.9,132.1
2025-02-01 10:52:20,76.8,96.5,142.8
2025-02-01 10:52:25,69.2,98.3,120.1
2025-02-01 10:52:40,77.3,97.9,100.1
2025-02-01 10:53:05,93.0,97.0,127.7
2025-02-01 10:53:43,82.6,95.2,132.2
2025-02-01 10:53:53,84.5,95.9,174.5
2025-02-01 10:54:03,74.3,94.7,98.4
2025-02-01 10:55:01,55.0,95.2,97.5
2025-02-01 10:55:03,64.9,97.5,137.2
2025-02-01 10:55:14,64.7,96.3,129.1
2025-02-01 10:55:56,56.7,96.6,129.6
2025-02-01 10:56:07,78.6,97.2,142.8
2025-02-01 10:56:34,77.6,95.5,115.7
2025-02-01 10:57:20,87.6,95.8,132.6
2025-02-01 10:57:50,79.7,100.0,128.8
2025-02-01 10:57:52,73.2,97.3,142.8
2025-02-01 10:58:44,67.9,96.6,137.6
2025-02-01 10:59:04,77.1,97.3,119.4
2025-02-01 10:59:09,72.4,98.0,138.7
2025-02-01 10:59:14,81.9,96.0,120.6
2025-02-01 10:59:15,92.3,96.5,106.3
2025-02-01 10:59:19,82.5,98.0,142.8
2025-02-01 10:59:56,83.8,96.5,112.4
2025-02-01 11:00:08,84.8,97.4,115.3
2025-02-01 11:00:42,80.5,96.2,121.7
2025-02-01 11:00:47,81.5,96.3,119.5
2025-02-01 11:00:48,78.2,99.3,109.5
2025-02-01 11:00:53,64.0,95.6,115.8
2025-02-01 11:01:00,66.0,96.9,102.9
2025-02-01 11:01:11,75.8,95.5,116.1
2025-02-01 11:01:16,89.1,97.0,130.2
2025-02-01 11:01:18,72.8,98.0,145.8
2025-02-01 11:01:59,56.9,99.3,130.8
2025-02-01 11:02:20,66.2,96.9,110.3
2025-02-01 11:02:58,99.8,94.5,140.0
2025-02-01 11:03:23,67.3,99.5,115.0
2025-02-01 11:03:32,81.1,96.8,137.3
2025-02-01 11:03:37,79.8,97.2,127.0
2025-02-01 11:03:43,66.9,96.6,114.8
2025-02-01 11:03:52,67.9,96.8,138.6
2025-02-01 11:04:09,83.2,97.2,129.0
2025-02-01 11:04:11,72.4,95.3,119.1
2025-02-01 11:04:48,73.4,98.3,126.8
2025-02-01 11:05:01,82.5,95.8,140.3
2025-02-01 11:05:18,77.5,95.9,126.2
2025-02-01 11:05:57,87.2,95.3,128.0
2025-02-01 11:06:12,76.8,98.8,133.9
2025-02-01 11:07:08,80.9,97.4,122.3
2025-02-01 11:07:13,77.1,95.8,119.0
2025-02-01 11:07:22,84.1,96.4,112.3
2025-02-01 11:08:37,84.6,97.8,112.7
2025-02-01 11:08:52,72.3,97.3,139.3
2025-02-01 11:08:54,86.1,95.5,125.1
2025-02-01 11:08:55,70.3,97.0,138.9
2025-02-01 11:09:31,58.0,96.0,118.4
2025-02-01 11:10:27,79.1,97.3,120.3
2025-02-01 11:10:46,84.2,97.2,119.9
2025-02-01 11:10:59,75.5,97.9,141.5
2025-02-01 11:11:32,71.4,95.5,125.7
2025-02-01 11:12:00,73.7,96.5,132.3
2025-02-01 11:12:13,74.9,97.2,109.0
2025-02-01 11:12:17,61.9,99.6,134.5
2025-02-01 11:12:39,70.9,95.8,140.3
2025-02-01 11:12:41,70.0,99.7,127.4
2025-02-01 11:12:54,72.8,96.7,130.7
2025-02-01 11:13:08,84.6,99.7,117.1
2025-02-01 11:14:19,82.1,99.5,127.3
2025-02-01 11:14:29,72.6,95.5,125.0
2025-02-01 11:15:01,70.0,98.1,115.0
2025-02-01 11:15:08,68.5,97.0,152.1
2025-02-01 11:15:48,62.9,97.4,121.2
2025-02-01 11:16:03,65.6,97.2,150.2
2025-02-01 11:16:22,71.3,97.8,98.5
2025-02-01 11:16:39,68.6,95.3,141.9
2025-02-01 11:16:41,77.2,97.2,91.4
2025-02-01 11:16:41,64.4,97.3,121.1
2025-02-01 11:16:51,77.4,98.9,119.8
2025-02-01 11:17:13,93.4,96.1,122.1
2025-02-01 11:17:28,77.3,94.8,114.3
2025-02-01 11:17:36,69.6,97.9,136.3
2025-02-01 11:17:56,68.4,96.4,104.1
2025-02-01 11:18:23,81.0,97.4,150.3
2025-02-01 11:18:27,80.4,99.4,134.4
2025-02-01 11:18:41,75.9,95.4,151.3
2025-02-01 11:19:11,74.4,95.9,154.1
2025-02-01 11:19:44,87.5,97.4,138.9
2025-02-01 11:19:53,69.7,95.3,134.7
2025-02-01 11:19:56,71.5,97.2,119.5
2025-02-01 11:19:58,71.6,96.0,149.8
2025-02-01 11:20:08,55.0,95.9,118.4
2025-02-01 11:20:12,74.4,97.8,114.7
2025-02-01 11:20:31,64.5,96.5,129.1
2025-02-01 11:20:35,88.0,96.4,120.6
2025-02-01 11:20:54,73.7,97.5,108.4
2025-02-01 11:20:55,86.7,95.6,128.5
2025-02-01 11:20:58,75.6,98.0,116.2
2025-02-01 11:20:59,68.6,98.0,120.1
2025-02-01 11:21:08,78.2,98.5,130.6
2025-02-01 11:21:36,77.5,95.6,103.1
2025-02-01 11:21:39,69.7,97.1,116.5
2025-02-01 11:21:59,86.0,97.1,133.9
2025-02-01 11:22:15,88.0,98.9,123.0
2025-02-01 11:22:18,98.9,98.6,109.5
2025-02-01 11:23:01,72.0,97.4,117.0
2025-02-01 11:23:01,87.3,95.6,118.8
2025-02-01 11:23:04,85.1,95.5,135.6
2025-02-01 11:23:14,75.3,96.6,112.1
2025-02-01 11:23:15,65.6,96.1,143.2
2025-02-01 11:24:00,74.2,97.6,105.2
2025-02-01 11:24:18,57.4,98.5,151.3
2025-02-01 11:24:32,69.8,95.8,124.7
2025-02-01 11:24:37,74.4,95.8,132.5
2025-02-01 11:24:46,77.0,98.3,137.8
2025-02-01 11:24:47,89.2,97.5,94.6
2025-02-01 11:24:51,76.2,96.5,148.8
2025-02-01 11:25:08,85.9,97.2,126.9
2025-02-01 11:25:21,74.0,94.7,111.9
2025-02-01 11:25:24,77.2,96.4,135.5
2025-02-01 11:25:30,73.7,96.8,109.7
2025-02-01 11:25:31,77.4,96.0,137.7
2025-02-01 11:25:33,76.2,100.0,132.3
2025-02-01 11:25:40,84.0,100.0,157.9
2025-02-01 11:25:44,77.1,95.8,125.3
2025-02-01 11:25:47,79.6,95.9,121.4
2025-02-01 11:25:47,65.7,100.0,121.9
2025-02-01 11:26:12,79.2,98.7,116.8
2025-02-01 11:26:13,87.9,100.0,135.1
2025-02-01 11:26:17,82.2,97.3,122.1
2025-02-01 11:26:35,90.1,96.5,122.2
2025-02-01 11:26:44,84.2,97.0,118.2
2025-02-01 11:26:53,79.1,98.9,146.6
2025-02-01 11:27:03,82.1,96.4,111.8
2025-02-01 11:27:09,79.8,97.4,127.9
2025-02-01 11:27:16,95.6,98.5,133.9
2025-02-01 11:27:51,92.1,95.7,136.1
2025-02-01 11:28:02,72.6,97.4,129.2
2025-02-01 11:28:05,80.9,94.9,114.3
2025-02-01 11:28:08,83.0,97.0,145.7
2025-02-01 11:28:12,73.6,96.5,119.9
2025-02-01 11:28:31,72.1,98.5,143.6
2025-02-01 11:28:52,86.6,98.7,121.8
2025-02-01 11:29:02,93.9,97.8,118.0
2025-02-01 11:29:11,78.1,97.9,128.6
2025-02-01 11:29:14,83.8,96.9,94.7
2025-02-01 11:29:14,82.7,94.7,141.6
2025-02-01 11:29:35,80.2,97.3,118.2
2025-02-01 11:29:36,72.0,97.5,136.3
2025-02-01 11:29:38,68.5,98.1,126.3
2025-02-01 11:30:24,76.6,98.0,123.1
2025-02-01 11:30:34,73.6,98.6,115.2
2025-02-01 11:30:56,73.7,97.8,108.3
2025-02-01 11:31:09,73.1,97.0,135.2
2025-02-01 11:31:17,70.7,98.7,136.7
2025-02-01 11:31:44,87.4,95.7,148.7
2025-02-01 11:31:49,71.4,95.3,124.7
2025-02-01 11:31:55,65.2,95.9,124.9
2025-02-01 11:32:03,68.3,96.8,142.8
2025-02-01 11:32:06,68.5,96.8,129.2
2025-02-01 11:32:27,92.8,97.0,130.3
2025-02-01 11:32:39,82.5,97.0,124.6
2025-02-01 11:32:42,78.9,96.7,136.7
2025-02-01 11:32:48,61.5,95.5,128.8
2025-02-01 11:32:54,77.2,96.6,123.6
2025-02-01 11:33:12,67.7,95.3,130.7
2025-02-01 11:33:42,85.0,97.3,128.3
2025-02-01 11:33:49,68.0,94.9,130.8
2025-02-01 11:33:50,60.6,97.0,125.9
2025-02-01 11:34:05,73.7,96.6,138.7
2025-02-01 11:34:47,87.1,98.9,116.0
2025-02-01 11:34:57,78.5,96.5,114.4
2025-02-01 11:35:10,65.6,96.3,136.0
2025-02-01 11:35:35,82.8,98.2,134.3
2025-02-01 11:35:48,80.7,97.3,133.3
2025-02-01 11:35:54,77.9,98.8,157.3
2025-02-01 11:36:03,81.0,97.7,118.1
2025-02-01 11:36:24,66.0,97.7,116.0
2025-02-01 11:36:57,95.0,97.6,131.9
2025-02-01 11:37:06,76.0,95.7,134.6
2025-02-01 11:37:19,72.5,96.5,113.2
2025-02-01 11:37:53,71.3,96.9,123.6
2025-02-01 11:38:31,84.9,96.1,121.5
2025-02-01 11:38:38,72.0,96.1,117.8
2025-02-01 11:38:41,61.9,94.3,123.6
2025-02-01 11:38:47,66.0,98.0,117.8
2025-02-01 11:38:52,70.4,97.7,126.2
2025-02-01 11:38:53,79.7,96.3,135.5
2025-02-01 11:38:53,80.8,97.7,106.0
2025-02-01 11:39:08,58.8,96.1,117.7
2025-02-01 11:39:12,85.7,95.9,130.5
2025-02-01 11:39:38,60.7,97.7,124.9
2025-02-01 11:39:38,66.6,98.4,97.7
2025-02-01 11:39:55,78.7,98.5,120.3
2025-02-01 11:40:06,79.0,97.3,149.7
2025-02-01 11:40:12,72.1,97.1,129.0
2025-02-01 11:40:53,66.0,96.9,108.4
2025-02-01 11:41:13,73.6,98.0,134.1
2025-02-01 11:41:49,74.7,96.1,129.8
2025-02-01 11:41:59,69.2,96.6,139.8
2025-02-01 11:42:04,72.3,98.5,134.6
2025-02-01 11:42:21,80.3,95.3,118.7
2025-02-01 11:42:26,90.8,96.7,127.4
2025-02-01 11:43:14,82.9,97.3,126.0
2025-02-01 11:43:33,60.8,95.4,125.1
2025-02-01 11:43:33,78.0,97.1,127.5
2025-02-01 11:44:01,81.0,96.7,136.1
2025-02-01 11:44:05,59.1,98.6,124.2
2025-02-01 11:44:14,74.3,96.7,108.1
2025-02-01 11:44:48,84.2,97.4,135.8
2025-02-01 11:44:51,66.3,97.4,131.7
2025-02-01 11:44:52,60.9,96.8,121.2
2025-02-01 11:45:56,79.9,96.9,113.5
2025-02-01 11:46:23,77.1,98.0,124.1
2025-02-01 11:46:42,83.6,98.8,134.8
2025-02-01 11:46:43,72.1,96.5,142.4
2025-02-01 11:46:51,76.2,96.5,126.6
2025-02-01 11:47:02,75.8,96.0,123.9
2025-02-01 11:47:05,71.9,96.5,134.5
2025-02-01 11:47:51,58.1,95.9,144.9
2025-02-01 11:47:53,80.9,97.1,124.2
2025-02-01 11:48:01,86.7,97.1,123.0
2025-02-01 11:48:09,59.6,96.3,118.0
2025-02-01 11:48:13,72.7,96.4,127.3
2025-02-01 11:49:21,74.1,99.6,140.6
2025-02-01 11:50:00,90.5,97.7,107.1
2025-02-01 11:50:55,70.6,97.3,146.9
2025-02-01 11:51:31,63.3,99.0,129.9
2025-02-01 11:51:33,86.5,95.6,125.0
2025-02-01 11:51:37,67.8,96.9,152.3
2025-02-01 11:52:06,66.1,98.5,136.7
2025-02-01 11:52:40,94.5,97.6,109.9
2025-02-01 11:52:56,90.7,97.7,108.1
2025-02-01 11:53:10,68.3,97.1,131.3
2025-02-01 11:53:19,80.2,97.2,129.5
2025-02-01 11:53:23,73.5,99.0,124.8
2025-02-01 11:53:58,68.6,99.4,116.5
2025-02-01 11:54:04,95.7,96.6,136.0
2025-02-01 11:54:24,68.7,96.7,132.9
2025-02-01 11:54:34,85.3,95.5,120.0
2025-02-01 11:55:02,73.5,96.8,106.8
2025-02-01 11:55:05,83.3,96.0,135.5
2025-02-01 11:55:24,84.3,97.0,138.3
2025-02-01 11:56:06,75.9,98.1,128.2
2025-02-01 11:56:21,74.7,96.4,131.3
2025-02-01 11:56:22,74.3,97.3,115.0
2025-02-01 11:56:26,84.7,96.2,124.8
2025-02-01 11:56:37,75.6,97.8,136.4
2025-02-01 11:57:00,76.8,97.6,127.2
2025-02-01 11:57:25,68.0,96.1,104.2
2025-02-01 11:57:42,70.7,95.4,140.1
2025-02-01 11:57:56,88.6,97.3,127.0
2025-02-01 11:58:00,82.5,94.9,119.4
2025-02-01 11:58:12,75.2,97.1,123.2
2025-02-01 11:58:43,93.2,97.6,146.1
2025-02-01 11:58:55,79.4,94.0,90.0
2025-02-01 11:59:11,82.2,96.9,124.6
2025-02-01 11:59:16,78.7,97.4,137.3
2025-02-01 11:59:31,81.4,97.6,140.2
2025-02-01 11:59:52,57.9,95.8,129.9
